zip,donations,total,NAME,variable,estimate,moe,donations_per_1000
20601,6976,190404.72999999975,ZCTA5 20601,population,27328,1457,255.26932084309135
20602,6758,109716.81999999996,ZCTA5 20602,population,28988,1690,233.1309507382365
20603,12854,248108.6100000006,ZCTA5 20603,population,32495,1906,395.5685490075396
20606,11,131.43,ZCTA5 20606,population,247,179,44.534412955465584
20607,6889,181393.81000000043,ZCTA5 20607,population,12080,1570,570.2814569536424
20608,337,2569.720000000003,ZCTA5 20608,population,603,189,558.8723051409619
20609,61,2290,ZCTA5 20609,population,1240,313,49.193548387096776
20611,46,1206,ZCTA5 20611,population,1127,275,40.816326530612244
20612,21,399.17,ZCTA5 20612,population,147,133,142.85714285714286
20613,6436,170352.85000000012,ZCTA5 20613,population,14800,1062,434.86486486486484
20615,25,633,ZCTA5 20615,population,524,233,47.709923664122144
20616,1703,38740.899999999994,ZCTA5 20616,population,6792,1180,250.736160188457
20617,274,7542.26,ZCTA5 20617,population,630,283,434.92063492063494
20618,313,6069.32,ZCTA5 20618,population,1087,369,287.94848206071754
20619,2733,63659.01000000006,ZCTA5 20619,population,13925,1248,196.2657091561939
20620,393,7357.65,ZCTA5 20620,population,1325,479,296.60377358490564
20621,66,967,ZCTA5 20621,population,775,368,85.16129032258064
20622,356,8922.109999999999,ZCTA5 20622,population,5471,1124,65.07037104734052
20623,2075,33616.96000000001,ZCTA5 20623,population,2457,389,844.5258445258446
20624,60,795,ZCTA5 20624,population,990,331,60.60606060606061
20625,454,9224.020000000004,ZCTA5 20625,population,1248,404,363.78205128205127
20626,240,3636.8600000000006,ZCTA5 20626,population,239,154,1004.18410041841
20628,43,12163.26,ZCTA5 20628,population,631,331,68.14580031695722
20629,37,813,ZCTA5 20629,population,1072,367,34.51492537313433
20630,371,24333.75,ZCTA5 20630,population,307,147,1208.469055374593
20632,21,2812.5,ZCTA5 20632,population,802,416,26.184538653366584
20634,1095,27256.079999999944,ZCTA5 20634,population,7853,1330,139.43715777409906
20636,2316,58391.37,ZCTA5 20636,population,11089,1415,208.85562268915143
20637,2083,40167.06999999999,ZCTA5 20637,population,6221,626,334.8336280340781
20639,3313,119571.28999999998,ZCTA5 20639,population,15058,1086,220.0159383716297
20640,1569,24599.82999999998,ZCTA5 20640,population,10629,900,147.6150155235676
20645,199,10778.3,ZCTA5 20645,population,763,271,260.81258191349934
20646,5566,130374.95000000004,ZCTA5 20646,population,21248,1174,261.95406626506025
20650,3964,144375.84000000023,ZCTA5 20650,population,15522,1211,255.37946140961216
20653,3608,81705.0799999999,ZCTA5 20653,population,27053,1548,133.36783351199497
20656,38,1569.76,ZCTA5 20656,population,203,119,187.19211822660097
20657,5067,125720.03000000009,ZCTA5 20657,population,21054,1291,240.66685665431748
20658,288,10475.370000000004,ZCTA5 20658,population,978,213,294.47852760736197
20659,2061,66697.38,ZCTA5 20659,population,23346,1541,88.28064764841943
20660,5,190,ZCTA5 20660,population,0,13,Inf
20662,316,3207.0199999999995,ZCTA5 20662,population,2590,464,122.00772200772201
20664,225,19794.23,ZCTA5 20664,population,2780,483,80.93525179856115
20667,37,1525.39,ZCTA5 20667,population,159,180,232.70440251572327
20670,100,2542.67,ZCTA5 20670,population,1403,419,71.27583749109053
20674,355,9889.67,ZCTA5 20674,population,807,389,439.9008674101611
20675,265,13192.1,ZCTA5 20675,population,2060,501,128.64077669902912
20676,4042,51759.59,ZCTA5 20676,population,2897,580,1395.2364515015533
20677,666,19220.51,ZCTA5 20677,population,2055,410,324.08759124087595
20678,2380,49224.85999999996,ZCTA5 20678,population,12874,846,184.8687276681684
20680,87,6197.360000000001,ZCTA5 20680,population,588,330,147.9591836734694
20684,90,3067.24,ZCTA5 20684,population,627,210,143.54066985645932
20685,2422,44961.41000000005,ZCTA5 20685,population,6750,915,358.8148148148148
20686,776,26377.35,ZCTA5 20686,population,963,129,805.8151609553479
20687,80,2937.49,ZCTA5 20687,population,360,210,222.2222222222222
20688,3855,84676.29000000008,ZCTA5 20688,population,1170,509,3294.871794871795
20689,201,18325.74,ZCTA5 20689,population,1884,607,106.68789808917198
20690,697,10894.629999999992,ZCTA5 20690,population,843,318,826.8090154211151
20692,161,5585.110000000001,ZCTA5 20692,population,721,310,223.3009708737864
20693,226,5676.370000000001,ZCTA5 20693,population,1210,518,186.77685950413223
20695,4407,98344.96999999994,ZCTA5 20695,population,11455,1481,384.7228284591881
20701,127,5610.76,ZCTA5 20701,population,794,271,159.94962216624685
20705,8949,263127.96999999945,ZCTA5 20705,population,28660,1914,312.2470341939986
20706,12313,314519.8699999994,ZCTA5 20706,population,43797,2670,281.1379774870425
20707,16759,392772.42999999854,ZCTA5 20707,population,36352,1204,461.0200264084507
20708,7135,155413.97000000026,ZCTA5 20708,population,27909,1610,255.65229854168908
20710,645,28141.24,ZCTA5 20710,population,9781,194,65.94417748696452
20711,1572,67949.20999999996,ZCTA5 20711,population,7435,1156,211.43241425689308
20712,4346,127500.21000000004,ZCTA5 20712,population,9630,483,451.2980269989616
20714,2108,41288.52999999997,ZCTA5 20714,population,4767,973,442.2068386826096
20715,17641,314771.77000000153,ZCTA5 20715,population,26244,1068,672.1917390641671
20716,9976,277360.8199999999,ZCTA5 20716,population,22340,1189,446.5532676812892
20720,17274,545108.1899999978,ZCTA5 20720,population,26253,1812,657.9819449205805
20721,27247,1016134.5099999992,ZCTA5 20721,population,30785,2089,885.0738996264414
20722,4938,57960.55000000015,ZCTA5 20722,population,6218,528,794.1460276616276
20723,12363,402577.18000000034,ZCTA5 20723,population,35845,1960,344.9016599246757
20724,6276,110552.95999999986,ZCTA5 20724,population,18345,1551,342.1095666394113
20732,4164,104842.46,ZCTA5 20732,population,10676,625,390.03372049456726
20733,1910,50651.11,ZCTA5 20733,population,2669,658,715.6238291494942
20735,15308,316990.6299999999,ZCTA5 20735,population,39399,1539,388.5377801467042
20736,3030,72934.04000000002,ZCTA5 20736,population,9274,835,326.7198619797283
20737,3706,102120.56000000011,ZCTA5 20737,population,24438,1646,151.64907111874948
20740,12587,317914.8899999996,ZCTA5 20740,population,36583,785,344.06691632725585
20742,56,12867.61,ZCTA5 20742,population,4263,645,13.136288998357964
20743,6852,165297.1299999999,ZCTA5 20743,population,38692,2248,177.09087149798407
20744,31497,615052.9699999988,ZCTA5 20744,population,55820,2945,564.2601218201362
20745,12754,230824.93999999977,ZCTA5 20745,population,29355,1871,434.4745358541986
20746,5612,110835.93000000008,ZCTA5 20746,population,28078,1728,199.87178573972506
20747,9223,156460.6300000003,ZCTA5 20747,population,39279,1803,234.80740344713462
20748,12089,230580.97000000085,ZCTA5 20748,population,40763,2849,296.5679660476412
20751,943,30918.42999999999,ZCTA5 20751,population,2081,396,453.14752522825563
20754,1806,52836.890000000014,ZCTA5 20754,population,7344,1018,245.91503267973854
20755,718,13748.61,ZCTA5 20755,population,10011,991,71.72110678253921
20758,169,6653.169999999999,ZCTA5 20758,population,542,165,311.8081180811808
20759,4003,216717.4500000003,ZCTA5 20759,population,6125,667,653.5510204081633
20762,160,2821.08,ZCTA5 20762,population,3099,395,51.62955792191029
20763,1067,16640.289999999997,ZCTA5 20763,population,2219,748,480.8472284812979
20764,1593,58113.28999999995,ZCTA5 20764,population,3280,607,485.6707317073171
20765,376,18800.06,ZCTA5 20765,population,604,255,622.5165562913907
20769,7457,183612.53000000017,ZCTA5 20769,population,6812,1073,1094.6858485026426
20770,17073,470197.8199999965,ZCTA5 20770,population,28458,673,599.9367488931057
20771,16,223,ZCTA5 20771,population,0,13,Inf
20772,24555,701566.209999997,ZCTA5 20772,population,52596,2397,466.8605977640885
20774,28133,790564.2600000018,ZCTA5 20774,population,51010,2662,551.5193099392276
20776,1344,43335.319999999985,ZCTA5 20776,population,2966,739,453.13553607552257
20777,2707,111532.35999999994,ZCTA5 20777,population,3220,494,840.6832298136646
20778,1436,39547.169999999984,ZCTA5 20778,population,2564,673,560.0624024960998
20779,687,29339.599999999988,ZCTA5 20779,population,992,354,692.5403225806451
20781,5853,231033.8899999996,ZCTA5 20781,population,13299,1385,440.1082788179562
20782,12863,595571.0799999984,ZCTA5 20782,population,34625,1977,371.4945848375451
20783,5720,339753.4999999998,ZCTA5 20783,population,50387,2635,113.52134479131522
20784,5749,90245.51000000014,ZCTA5 20784,population,32191,1811,178.59028921127023
20785,11413,374647.23999999976,ZCTA5 20785,population,41281,1821,276.47101572151837
20794,2890,65081.25000000002,ZCTA5 20794,population,16035,1029,180.23074524477707
20812,416,82029.63,ZCTA5 20812,population,282,93,1475.177304964539
20814,54366,3840965.980000051,ZCTA5 20814,population,30234,1563,1798.1742409208177
20815,77637,9090681.019999975,ZCTA5 20815,population,31080,1537,2497.9729729729734
20816,35071,3206491.790000002,ZCTA5 20816,population,17390,1099,2016.7337550316274
20817,65357,5935171.610000005,ZCTA5 20817,population,37795,1489,1729.2499007805263
20818,3976,339569.6300000002,ZCTA5 20818,population,1787,368,2224.958030218243
20832,15646,505974.4099999999,ZCTA5 20832,population,25488,1217,613.857501569366
20833,4572,170021.89000000042,ZCTA5 20833,population,7949,1026,575.1666876336647
20837,4684,155442.2500000004,ZCTA5 20837,population,6651,315,704.2549992482333
20838,448,18843.38,ZCTA5 20838,population,368,162,1217.3913043478262
20839,462,11704.82,ZCTA5 20839,population,161,103,2869.565217391304
20841,4010,161266.3100000001,ZCTA5 20841,population,9312,1013,430.62714776632305
20842,978,55610.649999999994,ZCTA5 20842,population,1927,340,507.5246497145822
20850,45289,1625183.4800000193,ZCTA5 20850,population,51072,1675,886.7677005012531
20851,5030,158464.17000000016,ZCTA5 20851,population,14659,1086,343.1339109079746
20852,48307,1984718.029999996,ZCTA5 20852,population,48379,2333,998.51175096632835
20853,19911,556389.1599999968,ZCTA5 20853,population,31794,2511,626.2502358935649
20854,55150,4750407.0800000075,ZCTA5 20854,population,49320,2280,1118.2076236820762
20855,10620,442482.6699999997,ZCTA5 20855,population,16558,1460,641.3818093972702
20860,4148,138927.70000000022,ZCTA5 20860,population,2279,525,1820.096533567354
20861,2729,124085.48999999998,ZCTA5 20861,population,3031,869,900.3629165291983
20862,260,16786.32,ZCTA5 20862,population,268,132,970.1492537313433
20866,6180,175550.99000000046,ZCTA5 20866,population,16680,1762,370.50359712230215
20868,451,11939.11,ZCTA5 20868,population,630,327,715.8730158730159
20871,8598,204083.8700000006,ZCTA5 20871,population,27420,1984,313.56673960612693
20872,7302,125311.22000000012,ZCTA5 20872,population,12932,953,564.6458397772966
20874,22381,527915.7199999968,ZCTA5 20874,population,61922,2470,361.4385840250638
20876,9660,214333.43000000037,ZCTA5 20876,population,26572,2086,363.54056902002105
20877,15286,371444.01,ZCTA5 20877,population,38524,1975,396.7916104246703
20878,41096,1313016.679999994,ZCTA5 20878,population,65954,1713,623.1009491463747
20879,10054,219295.58000000264,ZCTA5 20879,population,27489,1961,365.7462985194078
20880,1356,52557.24000000001,ZCTA5 20880,population,604,164,2245.0331125827815
20882,8651,261341.96000000025,ZCTA5 20882,population,13962,1090,619.6103710070191
20886,16207,362243.20999999874,ZCTA5 20886,population,34692,2228,467.168223221492
20889,2,28,ZCTA5 20889,population,158,23,12.658227848101266
20892,5,500,ZCTA5 20892,population,0,13,Inf
20894,13,230,ZCTA5 20894,population,0,13,Inf
20895,26497,1347975.3600000064,ZCTA5 20895,population,19273,1272,1374.8248845535204
20896,1962,161566.2600000002,ZCTA5 20896,population,840,120,2335.714285714286
20899,30,3050,ZCTA5 20899,population,143,80,209.7902097902098
20901,42989,1309525.8700000062,ZCTA5 20901,population,37207,2224,1155.4008654285483
20902,29875,1073108.0000000023,ZCTA5 20902,population,53308,2181,560.4224506640655
20903,6587,250580.09999999992,ZCTA5 20903,population,25324,2283,260.1089875217185
20904,41324,1477418.6700000064,ZCTA5 20904,population,56532,2478,730.9842213259747
20905,12733,509001.05000000366,ZCTA5 20905,population,17451,1768,729.6430004011232
20906,54095,1138991.140000007,ZCTA5 20906,population,71560,2542,755.9390721073224
20910,60712,2979373.470000009,ZCTA5 20910,population,45072,1708,1347.0003549875755
20912,38778,1936275.090000004,ZCTA5 20912,population,25823,1428,1501.6845447856563
21001,9185,126335.17999999996,ZCTA5 21001,population,25908,1040,354.5236992434769
21005,1513,7449.8,ZCTA5 21005,population,2703,540,559.7484276729559
21009,5538,94785.23000000004,ZCTA5 21009,population,32565,2153,170.05988023952096
21010,1196,18019.26,ZCTA5 21010,population,216,265,5537.037037037037
21012,11344,448162.7999999995,ZCTA5 21012,population,23144,1689,490.14863463532663
21013,1809,42460.45999999997,ZCTA5 21013,population,5382,1023,336.12040133779266
21014,9571,216782.57000000024,ZCTA5 21014,population,37097,1207,257.99929913470095
21015,7969,198034.8099999996,ZCTA5 21015,population,30485,1828,261.407249466951
21017,1139,18434.4,ZCTA5 21017,population,6177,657,184.39371863364093
21023,188,7414.900000000003,ZCTA5 21023,population,68,62,2764.705882352941
21028,777,21243.45,ZCTA5 21028,population,2974,395,261.2642905178211
21029,5070,334097.21000000037,ZCTA5 21029,population,13817,1531,366.93927770138237
21030,9939,375350.1199999992,ZCTA5 21030,population,25133,1745,395.4561731587952
21031,10,589.24,ZCTA5 21031,population,26,42,384.61538461538464
21032,5033,231805.08,ZCTA5 21032,population,8040,1015,625.9950248756219
21034,608,23530.29,ZCTA5 21034,population,2958,452,205.54428668018932
21035,6200,200449.85000000024,ZCTA5 21035,population,8360,859,741.6267942583731
21036,1189,69995.87,ZCTA5 21036,population,2145,385,554.3123543123543
21037,9471,376584.1499999987,ZCTA5 21037,population,21060,1490,449.7150997150997
21040,2305,33320.56,ZCTA5 21040,population,25110,1503,91.79609717244126
21042,28455,1050627.5999999992,ZCTA5 21042,population,42528,1902,669.0886004514672
21043,20844,686790.2499999983,ZCTA5 21043,population,47309,2147,440.5926990636031
21044,44569,1337506.6200000034,ZCTA5 21044,population,45100,2073,988.2261640798226
21045,30660,803755.2300000013,ZCTA5 21045,population,40980,1625,748.1698389458272
21046,11234,309389.19999999896,ZCTA5 21046,population,15894,943,706.8076003523342
21047,2633,69101.56999999999,ZCTA5 21047,population,13419,1285,196.21432297488636
21048,2073,66157.87999999996,ZCTA5 21048,population,9759,1013,212.41930525668616
21050,3563,70752.11000000012,ZCTA5 21050,population,18076,1132,197.11219296304492
21051,461,25766.14,ZCTA5 21051,population,113,95,4079.6460176991154
21052,16,551,ZCTA5 21052,population,438,259,36.5296803652968
21053,776,14091.339999999998,ZCTA5 21053,population,3051,680,254.34283841363487
21054,5833,159548.24000000028,ZCTA5 21054,population,15687,2248,371.83655255944416
21056,98,38413,ZCTA5 21056,population,318,225,308.1761006289308
21057,2464,65720.03000000001,ZCTA5 21057,population,4530,760,543.9293598233995
21060,14209,173872.13999999993,ZCTA5 21060,population,38418,1871,369.85267322609195
21061,10219,168692.45000000004,ZCTA5 21061,population,55172,2745,185.22076415573116
21071,287,8471.130000000001,ZCTA5 21071,population,526,276,545.6273764258555
21074,2983,55540.70000000002,ZCTA5 21074,population,15146,1206,196.9496896870461
21075,8984,224807.7100000003,ZCTA5 21075,population,36176,2498,248.34144183989383
21076,6352,235382.90000000017,ZCTA5 21076,population,22041,1730,288.1901910076675
21077,85,1464.38,ZCTA5 21077,population,105,110,809.5238095238095
21078,7808,212588.47000000055,ZCTA5 21078,population,19820,684,393.9455095862765
21082,459,13343.93,ZCTA5 21082,population,694,258,661.3832853025937
21084,1638,29954.660000000033,ZCTA5 21084,population,7366,989,222.37306543578606
21085,2745,55980.65999999996,ZCTA5 21085,population,16590,1310,165.4611211573237
21087,656,20466.26,ZCTA5 21087,population,5597,525,117.20564588172235
21090,1933,50232.64000000003,ZCTA5 21090,population,10346,1099,186.83549197757588
21093,22218,633944.1899999967,ZCTA5 21093,population,38961,1886,570.2625702625702
21102,3317,51923.16000000006,ZCTA5 21102,population,12024,959,275.8649367930805
21104,4210,99374.20000000011,ZCTA5 21104,population,6077,966,692.77604080961
21105,28,267,ZCTA5 21105,population,40,63,700
21108,6603,220072.7800000001,ZCTA5 21108,population,18046,1493,365.89826000221655
21111,3969,93046.8800000003,ZCTA5 21111,population,4838,659,820.3803224472923
21113,16279,444059.96000000014,ZCTA5 21113,population,36495,2114,446.06110426085763
21114,8848,236144.47000000044,ZCTA5 21114,population,25126,1537,352.1451882512139
21117,23052,657696.399999998,ZCTA5 21117,population,58516,2594,393.94353681044504
21120,2596,77234.65999999997,ZCTA5 21120,population,7319,822,354.6932641071184
21122,9609,221055.7499999993,ZCTA5 21122,population,61444,2461,156.3863029750667
21128,1908,49255.929999999986,ZCTA5 21128,population,15934,1436,119.74394376804318
21130,7,225,ZCTA5 21130,population,21,24,333.3333333333333
21131,2873,130327.89000000012,ZCTA5 21131,population,7722,710,372.05387205387206
21132,185,6295.84,ZCTA5 21132,population,3110,547,59.4855305466238
21133,8682,146954.52000000025,ZCTA5 21133,population,32070,1892,270.7202993451824
21136,11483,323548.850000002,ZCTA5 21136,population,35038,1566,327.7298932587476
21140,1294,55152.62999999996,ZCTA5 21140,population,4255,790,304.11280846063454
21144,11718,222529.8500000001,ZCTA5 21144,population,37041,2081,316.3521503199158
21146,13148,487095.9399999995,ZCTA5 21146,population,29710,1689,442.5445977785257
21152,1796,80268.00000000007,ZCTA5 21152,population,6517,978,275.58692649992327
21153,1329,41921.91000000001,ZCTA5 21153,population,676,204,1965.976331360947
21154,568,14000.14,ZCTA5 21154,population,7059,963,80.4646550502904
21155,578,15340.34,ZCTA5 21155,population,3063,660,188.70388507998695
21156,40,1304.9999999999998,ZCTA5 21156,population,362,247,110.49723756906077
21157,8691,202460.4400000002,ZCTA5 21157,population,39816,1944,218.2790837854129
21158,4343,99560.21000000004,ZCTA5 21158,population,23011,1135,188.7358219981748
21160,285,5854.12,ZCTA5 21160,population,2716,756,104.93372606774669
21161,1036,26816.29999999997,ZCTA5 21161,population,5625,877,184.17777777777778
21162,705,11934.46,ZCTA5 21162,population,4322,618,163.11892642295234
21163,4816,171400.08000000005,ZCTA5 21163,population,7222,767,666.8512877319303
21201,6643,366729.6200000009,ZCTA5 21201,population,18305,1566,362.90630975143404
21202,6148,382084.8500000009,ZCTA5 21202,population,20115,1216,305.6425553069849
21204,12273,511605.4999999996,ZCTA5 21204,population,20188,1071,607.9354071725778
21205,1021,23248.110000000015,ZCTA5 21205,population,14684,1763,69.53146281667121
21206,6518,111044.22,ZCTA5 21206,population,51020,2346,127.75382203057626
21207,13152,198563.10000000015,ZCTA5 21207,population,51765,2665,254.07128368588815
21208,21511,700900.8699999987,ZCTA5 21208,population,37319,1885,576.4087998070688
21209,26774,644100.539999995,ZCTA5 21209,population,29960,2204,893.6582109479306
21210,25454,1443604.7700000436,ZCTA5 21210,population,15005,893,1696.3678773742085
21211,13357,433904.2699999998,ZCTA5 21211,population,15935,805,838.2177596485724
21212,25556,1146181.100000002,ZCTA5 21212,population,33861,1974,754.7325832078202
21213,3715,75637.8300000001,ZCTA5 21213,population,28862,1842,128.7159587000208
21214,7525,156481.40000000066,ZCTA5 21214,population,21510,1718,349.8372849837285
21215,10084,148706.3900000006,ZCTA5 21215,population,53674,2752,187.87494876476507
21216,3837,59446.779999999984,ZCTA5 21216,population,28385,2344,135.17703012154305
21217,6787,338081.31999999844,ZCTA5 21217,population,31634,1810,214.54763861667826
21218,31378,1018091.8099999998,ZCTA5 21218,population,46548,1868,674.0998539142391
21219,1232,28739.510000000017,ZCTA5 21219,population,9605,1032,128.2665278500781
21220,3341,75693.55000000031,ZCTA5 21220,population,42652,2196,78.33161399230985
21221,3250,65432.59999999995,ZCTA5 21221,population,43822,2188,74.16366208753594
21222,3776,62814.88999999995,ZCTA5 21222,population,60013,2825,62.91970073150817
21223,1598,27742.830000000005,ZCTA5 21223,population,20728,1461,77.09378618294095
21224,12042,379731.1799999997,ZCTA5 21224,population,44915,2124,268.10642324390517
21225,2446,27074.09999999997,ZCTA5 21225,population,34872,1646,70.14223445744437
21226,636,12090.19,ZCTA5 21226,population,5902,1298,107.76008132836326
21227,4190,96694.33000000005,ZCTA5 21227,population,35052,1827,119.536688348739
21228,26381,597323.7399999986,ZCTA5 21228,population,50268,2299,524.8070342961724
21229,8355,157636.48000000007,ZCTA5 21229,population,44332,2465,188.46431471623208
21230,13266,623503.7299999964,ZCTA5 21230,population,32883,1938,403.4303439467202
21231,7981,281612.8999999996,ZCTA5 21231,population,14780,1104,539.9864682002707
21233,28,238,ZCTA5 21233,population,0,13,Inf
21234,12937,250143.7600000003,ZCTA5 21234,population,66095,2210,195.73341402526668
21236,5621,122992.59000000026,ZCTA5 21236,population,38632,2124,145.501138952164
21237,3793,79481.20000000007,ZCTA5 21237,population,30983,1755,122.42197334021883
21239,11716,161538.66000000044,ZCTA5 21239,population,28417,2114,412.28841890417704
21240,14,522,ZCTA5 21240,population,0,13,Inf
21244,9590,141657.7900000002,ZCTA5 21244,population,39501,2300,242.7786638312954
21250,5,206,ZCTA5 21250,population,2959,570,1.6897600540723217
21251,9,134,ZCTA5 21251,population,319,106,28.213166144200628
21252,9,120,ZCTA5 21252,population,4456,247,2.0197486535008977
21285,3,650,ZCTA5 21285,population,10,19,300
21286,12808,415242.91999999946,ZCTA5 21286,population,21142,1217,605.8083435814966
21287,33,1663,ZCTA5 21287,population,0,13,Inf
21401,36733,1649639.400000007,ZCTA5 21401,population,40442,1625,908.2884130359528
21402,172,9181.1,ZCTA5 21402,population,2727,511,63.07297396406307
21403,25115,1333098.2500000054,ZCTA5 21403,population,32207,1921,779.799422485795
21405,1726,51961.95999999998,ZCTA5 21405,population,383,140,4506.527415143603
21409,11407,445531.4299999982,ZCTA5 21409,population,20619,1066,553.2276056064794
21502,7293,116830.50000000042,ZCTA5 21502,population,41291,828,176.62444600518273
21520,197,8828.130000000001,ZCTA5 21520,population,2056,423,95.8171206225681
21521,53,890.1600000000001,ZCTA5 21521,population,1426,291,37.166900420757365
21523,6,46,ZCTA5 21523,population,133,77,45.11278195488722
21524,5,7,ZCTA5 21524,population,740,229,6.756756756756757
21529,33,886,ZCTA5 21529,population,575,181,57.391304347826086
21530,475,11216.91,ZCTA5 21530,population,1783,406,266.404935501963
21531,191,4804.52,ZCTA5 21531,population,2014,321,94.83614697120159
21532,1754,43536.08000000003,ZCTA5 21532,population,13229,662,132.5874971653186
21536,466,10208.63,ZCTA5 21536,population,3945,388,118.12420785804817
21538,17,85,ZCTA5 21538,population,571,175,29.7723292469352
21539,28,785.4200000000001,ZCTA5 21539,population,2095,289,13.365155131264915
21540,1,56.18,ZCTA5 21540,population,94,65,10.638297872340425
21541,381,19362.08,ZCTA5 21541,population,1682,303,226.51605231866824
21545,55,972.24,ZCTA5 21545,population,1693,259,32.486709982279976
21550,1946,54859.00000000003,ZCTA5 21550,population,13640,705,142.66862170087975
21555,229,5493.5,ZCTA5 21555,population,1515,317,151.15511551155114
21557,71,1640.1999999999998,ZCTA5 21557,population,1782,483,39.84287317620651
21560,8,127.17,ZCTA5 21560,population,0,13,Inf
21561,752,17515.689999999995,ZCTA5 21561,population,2517,391,298.7683750496623
21562,202,2810.76,ZCTA5 21562,population,3248,573,62.19211822660098
21601,15791,628699.1599999968,ZCTA5 21601,population,23589,768,669.4221883081098
21607,2,350,ZCTA5 21607,population,522,231,3.8314176245210727
21610,279,3615.8,ZCTA5 21610,population,363,94,768.595041322314
21612,232,8710.380000000001,ZCTA5 21612,population,557,279,416.51705565529625
21613,3942,120616.02999999994,ZCTA5 21613,population,17945,506,219.67121760936195
21617,3054,57825.34999999997,ZCTA5 21617,population,10401,813,293.62561292183443
21619,3573,96216.21999999994,ZCTA5 21619,population,5776,636,618.5941828254847
21620,7513,422426.1699999993,ZCTA5 21620,population,13636,712,550.9680258140218
21622,17,546.72,ZCTA5 21622,population,348,105,48.850574712643684
21623,282,7916.639999999999,ZCTA5 21623,population,2187,350,128.94375857338818
21624,164,8929.2,ZCTA5 21624,population,201,123,815.9203980099502
21625,258,8292.2,ZCTA5 21625,population,2329,368,110.7771575783598
21627,4,28,ZCTA5 21627,population,27,27,148.14814814814815
21628,119,2211.88,ZCTA5 21628,population,360,183,330.55555555555554
21629,1206,24259.210000000006,ZCTA5 21629,population,9988,505,120.74489387264718
21631,94,3551.46,ZCTA5 21631,population,2787,465,33.72802296376032
21632,758,8827.550000000001,ZCTA5 21632,population,6504,482,116.54366543665436
21635,611,12718.539999999995,ZCTA5 21635,population,1836,373,332.78867102396515
21636,58,1112,ZCTA5 21636,population,824,272,70.3883495145631
21638,1114,33617.01,ZCTA5 21638,population,5064,606,219.98420221169036
21639,559,10110.96,ZCTA5 21639,population,4734,588,118.08196028728348
21640,141,3286.5,ZCTA5 21640,population,1374,338,102.62008733624454
21641,17,197,ZCTA5 21641,population,149,58,114.09395973154362
21643,740,13598.149999999998,ZCTA5 21643,population,5021,515,147.3809998008365
21645,196,5711.840000000006,ZCTA5 21645,population,1231,367,159.22014622258325
21647,635,15435.859999999995,ZCTA5 21647,population,450,187,1411.1111111111113
21648,4,240,ZCTA5 21648,population,181,89,22.099447513812155
21649,100,2484.55,ZCTA5 21649,population,2205,525,45.35147392290249
21650,222,8666,ZCTA5 21650,population,308,172,720.7792207792207
21651,297,5999.56,ZCTA5 21651,population,2346,447,126.5984654731458
21652,249,5809.5,ZCTA5 21652,population,143,85,1741.2587412587413
21653,75,1085,ZCTA5 21653,population,105,64,714.2857142857143
21654,6312,175200.69,ZCTA5 21654,population,1260,263,5009.523809523809
21655,427,15772.760000000002,ZCTA5 21655,population,4753,454,89.8379970544919
21657,61,2836.7200000000003,ZCTA5 21657,population,1437,388,42.44954766875435
21658,916,52629.99000000004,ZCTA5 21658,population,3883,420,235.90007725985063
21659,1,10,ZCTA5 21659,population,1225,346,0.8163265306122449
21660,722,14024.06,ZCTA5 21660,population,4100,346,176.09756097560975
21661,1339,25956.929999999997,ZCTA5 21661,population,2571,314,520.8090237261765
21662,821,71666.80999999998,ZCTA5 21662,population,657,188,1249.619482496195
21663,3198,165478.48000000045,ZCTA5 21663,population,3646,492,877.1256171146462
21664,37,803,ZCTA5 21664,population,642,229,57.63239875389408
21665,141,8093.42,ZCTA5 21665,population,164,86,859.7560975609756
21666,3570,104492.80000000018,ZCTA5 21666,population,14193,955,251.53244557176075
21667,445,7539.389999999999,ZCTA5 21667,population,218,97,2041.284403669725
21668,148,2688.7899999999995,ZCTA5 21668,population,1842,339,80.34744842562432
21669,146,4473.520000000004,ZCTA5 21669,population,186,64,784.9462365591397
21671,397,13720.66,ZCTA5 21671,population,805,219,493.167701863354
21672,6,92,ZCTA5 21672,population,113,86,53.097345132743364
21673,437,18756.35,ZCTA5 21673,population,2793,352,156.4625850340136
21676,78,9237.36,ZCTA5 21676,population,333,181,234.23423423423424
21677,28,1214,ZCTA5 21677,population,598,195,46.82274247491638
21678,1059,22807.97999999999,ZCTA5 21678,population,1685,317,628.486646884273
21679,213,5971.209999999999,ZCTA5 21679,population,255,124,835.2941176470589
21701,24907,631639.1800000038,ZCTA5 21701,population,40787,1700,610.6602593963762
21702,17174,430403.05999999936,ZCTA5 21702,population,46596,1984,368.57240964889695
21703,8726,203219.95000000024,ZCTA5 21703,population,39606,1671,220.32015351209412
21704,5672,213888.01000000007,ZCTA5 21704,population,18473,1181,307.0427109835977
21705,449,9141.1,ZCTA5 21705,population,5,8,89800
21710,1509,45716.58000000003,ZCTA5 21710,population,4988,719,302.5260625501203
21711,30,741,ZCTA5 21711,population,864,249,34.72222222222222
21713,1829,40567.68999999998,ZCTA5 21713,population,9999,740,182.91829182918292
21714,426,15300.23,ZCTA5 21714,population,272,174,1566.1764705882354
21715,93,4130,ZCTA5 21715,population,12,22,7750
21716,2201,47591.569999999985,ZCTA5 21716,population,6630,344,331.9758672699849
21717,97,3016.26,ZCTA5 21717,population,209,158,464.11483253588517
21718,165,4618.8,ZCTA5 21718,population,143,42,1153.8461538461538
21719,115,1636.0099999999998,ZCTA5 21719,population,1145,252,100.43668122270742
21722,248,4822.030000000004,ZCTA5 21722,population,6709,1209,36.96527053212103
21723,214,7010.54,ZCTA5 21723,population,689,207,310.5950653120465
21727,606,16539.529999999995,ZCTA5 21727,population,6588,422,91.98542805100182
21733,95,2380.62,ZCTA5 21733,population,1202,437,79.03494176372712
21734,137,2700,ZCTA5 21734,population,861,226,159.11730545876887
21737,1141,42184.98,ZCTA5 21737,population,2406,638,474.2310889443059
21738,2133,91235.83999999994,ZCTA5 21738,population,3786,551,563.391442155309
21740,9084,156266.82999999897,ZCTA5 21740,population,62760,1925,144.74187380497133
21742,9377,180980.25000000055,ZCTA5 21742,population,34549,1599,271.4116182812816
21750,1588,25647.73999999999,ZCTA5 21750,population,3613,508,439.52394132300026
21754,3459,99558.51999999968,ZCTA5 21754,population,7260,804,476.44628099173553
21755,2271,65008.77999999997,ZCTA5 21755,population,5706,642,398.0021030494217
21756,706,23079.649999999976,ZCTA5 21756,population,3303,567,213.74508023009386
21757,121,3157.34,ZCTA5 21757,population,2722,484,44.45260837619398
21758,1923,35589.54000000006,ZCTA5 21758,population,4610,740,417.1366594360087
21762,127,4213.839999999999,ZCTA5 21762,population,176,184,721.590909090909
21766,28,1177.77,ZCTA5 21766,population,544,177,51.470588235294116
21767,79,3614.53,ZCTA5 21767,population,873,322,90.49255441008017
21769,3776,108657.45999999992,ZCTA5 21769,population,12562,852,300.58907817226554
21770,1985,51007.11,ZCTA5 21770,population,7786,1211,254.94477266889288
21771,8933,209328.0900000004,ZCTA5 21771,population,31653,2013,282.21653555745115
21773,1692,26795.68000000001,ZCTA5 21773,population,5553,623,304.7001620745543
21774,5176,144050.66000000012,ZCTA5 21774,population,15096,1015,342.87228404875464
21776,1182,21786.81,ZCTA5 21776,population,6434,715,183.71153248368043
21777,720,13418.1,ZCTA5 21777,population,2360,443,305.08474576271186
21778,187,2955.6699999999983,ZCTA5 21778,population,880,260,212.5
21779,475,6884.26,ZCTA5 21779,population,1731,677,274.4078567302137
21780,227,6613.8499999999995,ZCTA5 21780,population,1975,447,114.9367088607595
21781,2,110,ZCTA5 21781,population,41,5,48.78048780487805
21782,1239,23007.480000000003,ZCTA5 21782,population,4389,715,282.2966507177033
21783,1072,22073.15,ZCTA5 21783,population,9866,949,108.65599026961281
21784,9655,257843.1300000003,ZCTA5 21784,population,37219,1401,259.41051613423247
21787,944,30285.629999999997,ZCTA5 21787,population,10879,601,86.77268131262065
21788,2817,109285.4999999998,ZCTA5 21788,population,11412,864,246.84542586750788
21790,5,349.24,ZCTA5 21790,population,0,13,Inf
21791,1283,18969.599999999995,ZCTA5 21791,population,4855,783,264.2636457260556
21793,2311,63179.49999999996,ZCTA5 21793,population,10882,788,212.36904980702076
21794,648,27815.850000000013,ZCTA5 21794,population,2309,465,280.6409701169337
21795,1602,25785.01000000001,ZCTA5 21795,population,9772,1035,163.93778141629144
21797,3224,169015.33999999994,ZCTA5 21797,population,9034,775,356.8740314367944
21798,331,18457.95,ZCTA5 21798,population,2699,585,122.63801407928862
21801,4484,130242.52999999998,ZCTA5 21801,population,30766,1652,145.74530325684196
21804,7964,177007.2200000002,ZCTA5 21804,population,38722,1490,205.6711946696968
21810,3,90,ZCTA5 21810,population,160,137,18.75
21811,9781,276675.0200000005,ZCTA5 21811,population,24456,739,399.9427543343147
21813,1012,18157.769999999997,ZCTA5 21813,population,2927,541,345.74649812094293
21814,274,5105.589999999998,ZCTA5 21814,population,81,91,3382.716049382716
21817,312,6336.919999999993,ZCTA5 21817,population,4138,534,75.39874335427743
21821,155,2020.34,ZCTA5 21821,population,765,218,202.6143790849673
21822,632,12221.479999999998,ZCTA5 21822,population,2686,755,235.2941176470588
21824,16,166,ZCTA5 21824,population,253,150,63.241106719367586
21826,717,10358.839999999998,ZCTA5 21826,population,5569,94,128.74842880229843
21829,17,435,ZCTA5 21829,population,394,222,43.14720812182741
21830,383,9341.89,ZCTA5 21830,population,4837,844,79.18131072979119
21835,19,79,ZCTA5 21835,population,382,130,49.738219895287955
21837,509,5382.609999999997,ZCTA5 21837,population,3165,441,160.82148499210112
21838,55,1579,ZCTA5 21838,population,2219,459,24.785939612438035
21840,59,936.9400000000002,ZCTA5 21840,population,541,357,109.0573012939002
21841,349,6055.21,ZCTA5 21841,population,988,309,353.2388663967611
21842,2437,52256.51999999999,ZCTA5 21842,population,10951,524,222.53675463427996
21849,541,11445.820000000002,ZCTA5 21849,population,3366,699,160.72489601901367
21850,110,1634.26,ZCTA5 21850,population,3628,518,30.319735391400222
21851,810,13798.000000000004,ZCTA5 21851,population,7072,556,114.53619909502262
21853,555,8938.869999999994,ZCTA5 21853,population,10659,673,52.06867435969603
21856,221,2715.48,ZCTA5 21856,population,924,347,239.17748917748918
21861,42,1238.16,ZCTA5 21861,population,776,188,54.123711340206185
21862,2,20,ZCTA5 21862,population,0,13,Inf
21863,778,15254.77,ZCTA5 21863,population,4913,619,158.35538367596175
21864,59,2239.66,ZCTA5 21864,population,778,287,75.83547557840618
21865,284,5664.640000000003,ZCTA5 21865,population,393,173,722.64631043257
21867,3,104,ZCTA5 21867,population,24,36,125
21869,178,1823.8399999999983,ZCTA5 21869,population,943,213,188.7592788971368
21871,135,2733.2100000000005,ZCTA5 21871,population,1747,313,77.27532913566114
21872,51,683.82,ZCTA5 21872,population,573,353,89.00523560209423
21874,139,1668.7499999999998,ZCTA5 21874,population,2222,493,62.55625562556255
21875,853,14828.73,ZCTA5 21875,population,7446,784,114.55815202793445
21901,2086,51409.42999999997,ZCTA5 21901,population,19938,1527,104.62433543986357
21902,44,410,ZCTA5 21902,population,251,86,175.2988047808765
21903,1147,15152.06,ZCTA5 21903,population,5332,361,215.11627906976744
21904,1461,27753.210000000003,ZCTA5 21904,population,5975,651,244.51882845188285
21911,1120,18688.95999999996,ZCTA5 21911,population,10804,826,103.6653091447612
21912,119,4150.6,ZCTA5 21912,population,1495,465,79.59866220735785
21913,93,2956.27,ZCTA5 21913,population,878,308,105.92255125284738
21914,114,2967.6400000000003,ZCTA5 21914,population,740,256,154.05405405405406
21915,792,16423.720000000012,ZCTA5 21915,population,2469,415,320.7776427703524
21917,167,6169.52,ZCTA5 21917,population,1884,557,88.6411889596603
21918,604,11263.31,ZCTA5 21918,population,4462,668,135.36530703720302
21919,995,19727.17,ZCTA5 21919,population,3451,578,288.3222254419009
21920,16,331,ZCTA5 21920,population,1089,595,14.692378328741965
21921,6975,152703.25000000015,ZCTA5 21921,population,45081,1659,154.72150129766422
21930,55,2363,ZCTA5 21930,population,27,42,2037.0370370370372
